wps_id,emp_id,amount,payment_date,status,transaction_ref
1,1,3333.43,2023-12-01,Paid,WPS-401119
2,2,10642.23,2023-08-16,Paid,WPS-513654
3,2,10642.23,2023-09-02,Paid,WPS-664080
4,2,10642.23,2023-03-10,Paid,WPS-203116
5,2,10642.23,2023-10-07,Paid,WPS-740723
6,2,10642.23,2023-05-22,Paid,WPS-911429
7,2,10642.23,2023-08-04,Paid,WPS-950998
8,2,10642.23,2023-08-24,Paid,WPS-760409
9,2,10642.23,2023-11-08,Paid,WPS-190977
10,2,10642.23,2023-07-22,Paid,WPS-255195
11,2,10642.23,2023-08-14,Paid,WPS-507596
12,2,10642.23,2023-07-20,Paid,WPS-786879
13,3,5002.17,2023-01-31,Paid,WPS-905572
14,3,5002.17,2023-03-04,Paid,WPS-122067
15,3,5002.17,2023-03-22,Paid,WPS-140343
16,3,5002.17,2023-05-22,Paid,WPS-773017
17,3,5002.17,2023-06-23,Paid,WPS-364452
18,3,5002.17,2023-02-17,Paid,WPS-868188
19,3,5002.17,2023-08-09,Paid,WPS-690980
20,3,5002.17,2023-01-30,Paid,WPS-431752
21,3,5002.17,2023-09-12,Paid,WPS-970174
22,3,5002.17,2023-07-02,Paid,WPS-690064
23,3,5002.17,2023-01-16,Paid,WPS-866223
24,3,5002.17,2023-12-30,Paid,WPS-852803
25,4,11348.78,2023-03-31,Paid,WPS-777687
26,4,11348.78,2023-12-07,Paid,WPS-595813
27,4,11348.78,2023-04-08,Paid,WPS-616721
28,4,11348.78,2023-12-06,Paid,WPS-182379
29,4,11348.78,2023-09-13,Paid,WPS-557829
30,4,11348.78,2023-06-01,Paid,WPS-776606
31,4,11348.78,2023-06-05,Paid,WPS-994629
32,4,11348.78,2023-07-05,Paid,WPS-738042
33,4,11348.78,2023-12-11,Paid,WPS-760252
34,6,9871.43,2023-11-14,Paid,WPS-536794
35,6,9871.43,2023-01-13,Paid,WPS-773331
36,6,9871.43,2023-12-16,Paid,WPS-938462
37,6,9871.43,2023-10-23,Paid,WPS-334702
38,6,9871.43,2023-08-08,Paid,WPS-289985
39,6,9871.43,2023-07-24,Paid,WPS-435052
40,6,9871.43,2023-09-01,Paid,WPS-707833
41,6,9871.43,2023-07-23,Paid,WPS-935990
42,6,9871.43,2023-07-11,Paid,WPS-296482
43,6,9871.43,2023-02-08,Paid,WPS-242688
44,7,6478.6,2023-10-26,Paid,WPS-759387
45,7,6478.6,2023-09-23,Paid,WPS-223767
46,7,6478.6,2023-02-26,Paid,WPS-514430
47,7,6478.6,2023-12-28,Paid,WPS-961452
48,7,6478.6,2023-04-11,Paid,WPS-691233
49,8,6511.03,2023-04-15,Paid,WPS-447042
50,8,6511.03,2023-11-28,Paid,WPS-249194
51,8,6511.03,2023-02-18,Paid,WPS-813412
52,8,6511.03,2023-12-14,Paid,WPS-326575
53,8,6511.03,2023-05-10,Paid,WPS-829434
54,8,6511.03,2023-10-01,Paid,WPS-167624
55,8,6511.03,2023-12-09,Paid,WPS-367785
56,8,6511.03,2023-07-03,Paid,WPS-587183
57,8,6511.03,2023-10-30,Paid,WPS-781379
58,8,6511.03,2023-07-25,Paid,WPS-687846
59,8,6511.03,2023-05-14,Paid,WPS-133189
60,8,6511.03,2023-04-26,Paid,WPS-450472
61,9,3067.46,2023-05-20,Paid,WPS-215455
62,9,3067.46,2023-06-10,Paid,WPS-840003
63,9,3067.46,2023-10-16,Paid,WPS-193616
64,9,3067.46,2023-10-30,Paid,WPS-820783
65,9,3067.46,2023-01-15,Paid,WPS-412008
66,9,3067.46,2023-02-27,Paid,WPS-170894
67,9,3067.46,2023-07-10,Paid,WPS-914404
68,10,5898.78,2023-10-08,Paid,WPS-292809
69,10,5898.78,2023-01-31,Paid,WPS-599735
70,11,10501.83,2023-11-27,Paid,WPS-195140
71,12,13205.78,2023-02-25,Paid,WPS-886392
72,12,13205.78,2023-07-27,Paid,WPS-389255
73,12,13205.78,2023-01-24,Paid,WPS-802428
74,12,13205.78,2023-11-28,Paid,WPS-986345
75,12,13205.78,2023-06-26,Paid,WPS-821555
76,12,13205.78,2023-11-29,Paid,WPS-793011
77,12,13205.78,2023-01-04,Paid,WPS-755119
78,12,13205.78,2023-12-13,Paid,WPS-548565
79,12,13205.78,2023-06-13,Paid,WPS-376591
80,12,13205.78,2023-04-02,Paid,WPS-963576
81,12,13205.78,2023-12-11,Paid,WPS-677283
82,13,13920.81,2023-06-03,Paid,WPS-102742
83,13,13920.81,2023-11-02,Paid,WPS-616450
84,13,13920.81,2023-08-06,Paid,WPS-608473
85,14,7307.62,2023-07-08,Paid,WPS-314647
86,14,7307.62,2023-06-16,Paid,WPS-510318
87,15,7085.3,2023-12-06,Paid,WPS-930505
88,15,7085.3,2023-02-03,Paid,WPS-507751
89,15,7085.3,2023-09-20,Paid,WPS-741173
90,15,7085.3,2023-11-21,Paid,WPS-300440
91,15,7085.3,2023-07-14,Paid,WPS-489788
92,15,7085.3,2023-09-10,Paid,WPS-841554
93,15,7085.3,2023-09-08,Paid,WPS-594094
94,15,7085.3,2023-09-18,Paid,WPS-761872
95,15,7085.3,2023-11-26,Paid,WPS-839746
96,16,2133.31,2023-08-17,Paid,WPS-686859
97,16,2133.31,2023-09-02,Paid,WPS-368337
98,16,2133.31,2023-08-16,Paid,WPS-132282
99,16,2133.31,2023-12-14,Paid,WPS-589429
100,16,2133.31,2023-12-03,Paid,WPS-925734
101,16,2133.31,2023-10-21,Paid,WPS-333759
102,17,13402.59,2023-07-16,Paid,WPS-887066
103,17,13402.59,2023-02-10,Paid,WPS-216296
104,17,13402.59,2023-08-21,Paid,WPS-926435
105,17,13402.59,2023-06-15,Paid,WPS-832394
106,17,13402.59,2023-03-24,Paid,WPS-658260
107,17,13402.59,2023-11-17,Paid,WPS-193673
108,17,13402.59,2023-09-19,Paid,WPS-386431
109,17,13402.59,2023-12-29,Paid,WPS-547310
110,17,13402.59,2023-01-10,Paid,WPS-866024
111,17,13402.59,2023-07-26,Paid,WPS-832049
112,17,13402.59,2023-09-18,Paid,WPS-494769
113,18,8762.32,2023-09-07,Paid,WPS-877809
114,18,8762.32,2023-09-27,Paid,WPS-225803
115,18,8762.32,2023-07-04,Paid,WPS-704432
116,18,8762.32,2023-11-16,Paid,WPS-858242
117,18,8762.32,2023-10-09,Paid,WPS-555165
118,18,8762.32,2023-08-08,Paid,WPS-960629
119,18,8762.32,2023-07-03,Paid,WPS-908792
120,18,8762.32,2023-02-13,Paid,WPS-426371
